ID,Tittle,Author,Year,Format,File
1,Dongeng Anak,Dedik Dwi Prihatmoko,2019,PDF,ebook/Dongeng Anak.pdf
2,Burung Ajaib,Dina Alfiyanti Fasa,2016,PDF,ebook/Burung Ajaib.pdf
3,Ayo Mengenal Hewan,Hasbullah,2019,PDF,ebook/Ayo Mengenal Hewan.pdf
4,20 Kumpulan Cerita untuk Anak Hebat,Endang Fatmawati,2022,PDF,ebook/Buku 20 Kumpulan Cerita untuk Anak Hebat.pdf
5,Ensiklopedia Hewan Laut,Aisyah Wahyu W,2021,PDF,ebook/Ensiklopedia Hewan Laut.pdf
6,Aum Aum Dinosaurus!,Lavanya Naidu,2024,PDF,ebook/Aum Aum Dinosaurus!.pdf
7,Teman Baru Laras,Daroyah,2020,PDF,ebook/Teman Baru Laras.pdf
8,Cerita dari Bawah Laut,Feelishia,2022,PDF,ebook/Cerita dari Bawah Laut.pdf
9,Kanan atau Kiri,Oky E Noorsari,2019,PDF,ebook/Kanan atau Kiri.pdf
10,Lihat Kebunku,Flora Maharani,2022,PDF,ebook/Lihat Kebunku.pdf
11,Ringkasan Materi VR,Ghaida Azzahra Shidqiya,2025,PDF,ebook/Ringkasan Materi VR.pdf
